Recipe_ID,calories,Total Fat,Saturated Fat,Cholesterol,Sodium,Potassium,Total Carbohydrates,Dietary Fiber,Protein,Sugars,Vitamin A,Vitamin C,Calcium,Iron,Thiamin,Niacin,Vitamin B6,Magnesium,Folate
83352,435,25,4.0,98,88,896,12.8,2.9,36.8,5,859,100,83,2,0,2,0,35,27
143002,423,19.9,13.0,0,510,859,53.6,12.6,12.4,5,3850,30,109,6,0,4,1,88,96
239699,377,35.5,19.0,286,203,180,4,0.8,12.3,1,1324,1,210,2,0,3,0,24,32
216866,500,26.6,12.0,88,1046,749,50.5,6.7,20,33,370,18,99,4,0,9,0,51,36
274066,394,28.5,21.0,43,77,792,21.3,4.5,17.6,4,530,102,75,5,0,11,1,87,40
247108,890,44.5,21.0,89,2469,804,60.7,5.4,62.5,15,1052,16,406,4,0,14,1,63,146
217830,361,18.8,10.0,128,458,344,12.8,1.8,34.7,4,545,3,65,2,0,17,0,40,22
207346,281,17.6,2.0,36,3432,601,5.4,4.2,24.9,0,1148,2,111,2,0,11,0,104,16
16639,340,10.2,1.0,0,16,190,56.5,2.3,5.4,3,38,4,63,5,0,4,0,33,150
238723,236,10.5,3.0,17,457,637,19.4,5.8,18.2,7,1088,42,40,1,0,1,0,22,28
212720,676,46.9,21.0,166,1182,1156,33.7,10.7,33,1,3579,27,206,9,0,20,1,102,41
107217,604,47.7,23.0,156,486,694,3.2,1.2,36.9,0,1094,3,99,2,0,17,1,63,19
235350,328,4.8,1.0,0,13,459,62.4,8.3,9.6,2,591,11,52,2,0,2,0,58,56
273307,211,13,6.0,21,372,405,9.1,3.1,14,1,492,5,85,4,0,3,0,39,9
272434,468,40.3,24.0,98,1202,1701,25.5,9.2,9.2,7,22603,81,309,9,0,5,1,218,466
212363,270,8,3.0,8,80,1058,36,17.3,16,3,8864,81,159,7,0,5,1,147,404
165589,332,16.9,2.0,0,315,648,33.5,8.7,16.8,5,604,49,345,4,0,4,1,102,110
160963,253,15.5,10.0,194,263,422,6.8,2.3,22.9,1,459,29,69,5,0,8,0,72,20
273621,427,26.7,17.0,91,439,801,14.7,3.3,34.8,7,990,11,133,5,0,16,1,83,27
94963,445,35.1,21.0,0,657,1291,33.4,8.5,11,5,16007,20,168,7,0,3,0,111,133
231965,346,22.5,6.0,89,714,503,8.2,1.8,27.5,4,2740,19,50,2,0,10,0,36,36
232407,217,6.9,3.0,11,419,488,27.7,2.5,10.8,21,225,38,173,1,0,2,0,34,33
8904,290,18.9,5.0,81,443,279,2.8,0.6,25.9,1,114,2,24,2,0,8,0,26,10
107193,216,9.7,1.0,0,321,343,24.8,8.8,8.8,3,59,1,91,2,0,3,0,41,101
134590,315,26.3,5.0,313,743,311,8,2.3,11.9,3,1925,54,85,3,0,3,0,25,69
237074,731,44.8,12.0,82,1046,545,62.3,8,20.8,3,330,15,65,6,0,10,0,52,119
210530,809,73.9,14.0,90,635,915,22.8,4.2,18.2,9,1406,89,73,5,0,9,0,60,40
212418,212,7.5,1.0,0,14,650,33.8,3.4,4.7,4,865,103,48,2,0,3,0,53,38
223161,485,33.9,21.0,59,159,804,22.2,5.3,26.8,4,5802,21,72,4,0,13,1,67,48
212672,123,5,1.0,0,10,389,16.1,4.5,5,2,270,14,52,1,0,2,0,37,53
218864,248,7.6,2.0,60,126,623,18.7,4.2,26.9,9,2637,17,176,2,0,12,1,62,77
211116,191,6.9,4.0,19,344,960,21.2,4.2,14.4,6,17832,111,295,3,0,4,1,98,179
107421,732,34.2,8.0,151,3942,2150,81.6,15.4,35.3,52,7307,188,265,9,1,18,2,159,176
212441,211,7.7,1.0,0,19,816,32.8,5,4.4,3,536,37,53,2,0,3,1,52,37
262373,355,9.3,1.0,0,1089,710,54.9,9.7,16.7,6,6194,5,77,4,0,1,0,43,18
157010,426,13,4.0,73,377,323,55.8,1.2,24.9,36,294,11,45,1,0,15,1,32,10
210516,358,15.4,3.0,104,128,647,13.5,2.9,40.5,6,902,83,95,3,0,25,1,70,33
212525,636,21.8,7.0,51,160,519,87.9,4.1,22.4,6,1166,85,63,3,0,7,0,41,37
137999,501,11.7,2.0,0,564,1227,92,14.7,11.8,21,794,26,130,4,0,3,1,88,152
161574,653,35.6,10.0,194,1317,846,16.2,2.1,62.5,2,1671,6,90,7,0,20,1,73,20
157573,409,15,11.0,61,352,489,44.4,2.7,25.2,38,210,8,48,2,0,12,0,47,29
241886,367,32.9,6.0,186,157,394,12.4,2.8,8.4,6,1046,168,64,2,0,3,0,32,48
208039,380,30.2,6.0,71,277,500,2.3,0.9,24.1,0,464,2,35,2,1,8,0,41,16
212671,830,27.9,18.0,16,74,558,129,6.2,16.5,4,1242,110,149,10,1,10,0,118,367
72483,395,11,3.0,31,43,257,55.9,1.9,16.2,2,404,23,54,3,0,7,0,42,119
247204,282,3.7,1.0,0,433,516,50.8,7.1,13.4,4,927,23,48,3,0,2,0,21,32
151997,622,39.2,22.0,0,2172,1074,64,14.9,13.1,7,745,73,172,8,0,4,1,119,146
168151,417,25.8,6.0,2,1247,1226,46.1,11.5,8.4,20,1427,31,220,8,0,3,1,106,71
245728,374,20.9,9.0,85,644,638,20.9,6.4,25.1,8,3342,28,102,7,0,10,0,51,59
52972,977,17.2,8.0,258,663,757,162.9,3.1,43.7,13,1427,10,355,4,0,9,0,74,76
221828,333,20.1,5.0,17,7499,963,22.7,6,18.9,9,6834,145,190,4,0,5,1,83,152
256594,389,8.3,2.0,2,616,563,70.5,5,7.8,3,4193,27,54,4,1,5,0,48,179
237072,243,6.9,1.0,< 1,176,582,39.9,5.4,6.5,4,2346,26,56,2,0,4,0,43,57
273876,151,0.7,0.0,0,45,999,32.1,7.6,6.7,5,834,88,58,3,0,4,1,62,105
247109,492,34.9,3.0,109,199,1003,11.5,3.5,33.9,4,991,115,136,4,0,16,1,105,49
245131,359,21.1,4.0,99,856,704,12.5,3.5,28.4,1,1253,7,105,3,0,8,0,65,30
236534,486,31.7,21.0,0,603,704,43.5,10.2,10.8,4,1567,18,125,9,0,3,1,98,116
99870,519,37.1,21.0,116,479,700,16.2,3.9,28.6,5,663,10,84,5,0,14,0,80,60
222670,220,11.2,1.0,0,641,924,27.6,6.7,5.5,5,427,88,70,3,0,3,1,53,102
20036,305,15.3,10.0,81,443,606,9.8,2.8,33,5,277,8,53,4,0,16,0,64,24
260794,206,7.6,5.0,71,949,543,6,2.4,26.7,2,799,6,63,5,0,4,0,16,17
52678,248,16,3.0,42,300,295,10.8,4.4,13.3,2,1020,6,69,3,0,5,0,35,18
85644,227,8.4,1.0,53,757,834,11.4,3.2,23.6,6,1877,24,115,6,0,0,0,11,11
213470,289,13,3.0,93,84,419,7.8,2.6,34.4,2,1061,8,54,2,0,17,1,41,17
44445,513,40.7,18.0,124,885,549,6.4,1.8,29.6,2,107,6,62,3,0,16,0,51,39
222950,326,18.1,9.0,112,1487,577,12.5,3.1,29.1,5,1449,52,63,4,0,11,0,50,41
228375,523,37,13.0,114,1288,694,19.7,3.8,28.7,8,1672,19,84,4,0,13,0,56,48
213140,635,37.9,24.0,111,2231,965,32,6,45.2,6,1475,12,110,9,0,28,1,119,61
66590,305,11.6,3.0,76,181,557,19.6,2.9,30.6,14,990,45,145,1,0,18,1,45,31
276428,525,30.2,7.0,127,203,1015,25.4,5.7,38.2,13,1875,77,93,3,0,17,1,74,73
236641,771,38,18.0,187,1885,993,61,11.1,47.9,11,1396,14,473,4,0,14,0,68,50
259557,725,57.4,27.0,126,1313,987,23.3,4.9,34.5,9,951,24,220,6,0,15,1,110,60
276150,181,11.9,7.0,0,77,440,16.3,4.6,4.6,5,3264,26,78,2,0,2,0,67,115
222776,191,8.5,1.0,173,622,412,7.1,2.3,19.9,3,1218,42,59,4,0,8,0,49,18
276646,886,41.4,21.0,142,1779,388,72.6,13.6,50,5,2603,8,527,2,0,15,1,47,33
264085,172,6.1,1.0,51,43,525,1.5,0.4,26.5,0,75,1,32,1,0,15,1,59,3
14042,95,4.1,3.0,2,56,526,12.9,4.4,4.4,5,154,67,67,1,0,2,0,35,86
198637,668,15.2,2.0,35,258,560,99.1,8.1,31.4,7,991,13,96,8,1,17,1,81,222
212422,350,7.8,1.0,0,28,1488,64.7,8.9,8.6,9,683,145,95,4,0,6,1,97,84
272509,477,33.3,19.0,146,1918,618,24.2,3.5,23.9,12,2509,18,120,4,0,10,0,57,23
214008,518,34.2,12.0,93,301,540,23.4,2.3,26,5,1163,31,94,3,0,12,0,43,78
258368,237,9.4,3.0,57,1697,839,15.6,4.1,24,9,1184,14,112,4,0,12,0,57,21
83648,571,26.9,5.0,108,248,1087,49,8.5,38.4,37,3125,15,86,4,0,17,1,97,36
17042,997,77.5,29.0,337,270,840,6.6,0.8,66.4,1,2340,14,98,4,0,36,1,101,39
20651,86,7.1,2.0,98,104,62,1.5,0.1,4.1,1,147,1,15,1,0,1,0,5,12
268386,223,11.3,5.0,70,139,537,9.6,3.6,21.6,3,96,36,58,4,0,10,1,46,57
272454,212,11.1,2.0,56,555,457,11,0.7,17.6,6,176,33,26,2,0,6,0,38,27
228011,240,10.4,1.0,0,180,690,26,8.6,15.5,6,1165,98,501,9,0,6,0,87,88
265804,280,6.7,3.0,13,603,644,46.3,9.6,10.8,7,9039,66,171,3,0,3,1,70,116
239569,279,11.1,2.0,0,1193,399,38.7,7.8,8,2,332,15,79,3,0,2,1,56,111
271075,279,10.3,1.0,0,519,433,40,7.2,8.4,5,4275,42,126,3,0,3,0,97,53
267612,349,1.6,0.0,0,1198,541,68.8,10.3,17,0,14,0,96,5,0,3,0,147,113
259903,71,5.1,3.0,11,53,56,3.4,0.2,3.3,3,60,1,8,0,0,0,0,5,3
272390,77,5.6,1.0,18,251,49,0.6,0.3,5.8,0,39,0,11,1,0,2,0,6,1
14122,25,1.2,0.0,0,8,144,3.2,0.8,1.2,1,1079,35,15,0,0,1,0,12,16
17717,696,34.3,8.0,0,803,393,82.5,9.4,15.3,3,44,7,69,5,0,7,1,67,191
60296,134,12.3,2.0,0,112,9,5.9,0.2,1.7,0,5,0,15,0,0,0,0,1,7
75320,51,0.1,0.0,0,5,42,12.6,0.1,0.1,11,37,6,12,0,0,0,0,3,1
14898,53,1.2,0.0,0,2,122,7.7,1.9,3.3,1,39,1,10,1,0,0,0,2,2
14121,379,9.5,3.0,7,516,1014,64,5.5,12.2,23,676,22,274,2,0,4,1,78,64
24871,258,14.8,4.0,21,346,307,23.8,2.3,7.6,2,255,14,21,2,0,4,0,23,39
17225,119,1.9,0.0,0,98,138,22.8,4,4.4,0,0,0,11,1,0,3,0,46,14
84965,28,0.2,0.0,0,36,68,6.6,0.7,0.5,5,236,3,8,0,0,0,0,5,5
189352,215,8.5,1.0,0,653,237,29.7,5.8,6.2,1,64,7,55,2,0,1,1,40,82
85920,150,9.1,1.0,0,503,44,16.2,2.6,2.2,0,79,2,31,1,0,0,0,8,6
20871,105,7.3,3.0,12,135,54,7.2,0.4,2.9,0,97,8,6,1,0,2,0,6,19
230663,234,12.1,3.0,78,386,225,1.2,0.3,28.5,0,80,1,21,1,0,12,1,24,6
246180,11,0.1,0.0,0,123,42,2.7,0.5,0.3,1,103,3,6,0,0,0,0,3,5
263568,190,12.7,3.0,38,819,167,6.3,1.2,12.9,1,938,2,26,2,0,6,0,20,5
278241,477,34.5,18.0,150,842,484,6.4,2.1,34.1,2,1290,14,103,2,0,18,1,43,28
222808,268,4.7,1.0,0,267,1205,52.1,3.8,6.3,2,86,17,45,3,0,4,1,68,41
266743,242,8.1,1.0,0,333,374,32.1,9.6,12.1,13,4683,41,69,5,1,5,0,64,119
231125,278,22.2,14.0,32,151,293,18.3,3.1,4.9,11,658,8,50,2,0,1,0,45,20
232187,126,12.1,8.0,25,214,91,3.1,0.1,1.9,0,379,2,69,0,0,0,0,7,7
272432,157,12,6.0,26,169,336,8.2,2.8,6.1,3,8612,7,124,2,0,2,0,61,112
266742,136,1.1,0.0,0,416,669,27.6,4.8,5.4,6,823,20,71,2,0,2,0,61,70
213577,336,18.4,2.0,0,1024,274,35.2,2.9,9.4,5,58,23,54,3,0,3,0,60,11
238667,90,5.2,3.0,16,76,205,10.2,1.1,1.7,7,378,2,34,1,0,1,0,9,17
135900,169,3,1.0,7,332,152,30.6,1.8,4.7,2,4657,1,36,2,0,3,0,17,39
239800,145,11.6,2.0,0,470,180,9.6,1.8,1.7,1,354,32,41,1,0,1,0,32,43
235979,198,21.8,3.0,10,158,6,1,0,0.3,0,78,0,3,0,0,0,0,1,2
268318,219,9.9,4.0,12,522,337,28.2,2.6,3.9,1,309,16,18,2,0,3,0,24,51
268316,302,14.9,2.0,0,50,572,39.9,3.6,4.3,7,74,36,29,2,0,3,0,35,48
267714,137,5.9,1.0,0,130,145,18.5,1.7,2.7,1,793,6,17,2,0,2,0,14,37
262609,409,28.5,20.0,73,324,406,21.3,2.1,19,2,701,6,33,3,0,12,0,39,49
77953,161,6.6,1.0,2,137,103,21.2,1,3.8,2,107,1,48,1,0,2,0,11,40
221841,139,3.2,1.0,4,302,61,24.1,1.6,3.5,1,58,0,10,1,0,3,0,16,47
167394,42,0.8,0.0,2,30,186,6.7,0.8,2.5,5,156,24,86,0,0,0,0,12,12
262717,314,13.5,2.0,0,274,782,43.6,7.5,6.9,3,652,32,70,3,0,3,1,62,77
106349,666,54.5,27.0,137,736,1200,11.5,4.2,34.3,3,7371,32,125,8,0,13,1,121,169
254958,255,10.1,2.0,66,800,704,13,2.8,25.8,3,1893,15,48,4,0,5,0,23,26
267997,617,26,19.0,0,390,2000,82.2,15.5,21.1,11,240,66,143,10,0,6,1,124,74
55291,423,25.9,8.0,93,1412,584,16.7,3.1,31.5,5,506,10,115,2,0,20,1,77,27
246717,552,38,16.0,142,542,870,22,4,33.2,7,2047,20,175,5,0,13,0,91,48
210519,166,10.4,3.0,163,144,226,13.1,1.4,6.4,10,715,7,48,1,0,2,0,17,26
86162,860,14.1,4.0,75,185,1117,135.4,5.4,44.9,14,1706,32,347,8,1,27,1,108,391
262274,436,31.1,12.0,118,384,436,15,2.3,25.1,7,1123,51,77,3,0,10,0,45,24
142250,365,18.9,4.0,100,731,840,8.8,1.3,37.8,5,474,10,170,1,1,19,1,66,53
262273,266,8.1,2.0,69,591,876,20.7,4.7,29.3,9,1049,131,69,4,0,19,1,69,46
212884,246,5.4,1.0,0,1007,525,42.6,8.3,8.5,4,679,19,74,3,0,2,1,59,117
247110,338,25.2,5.0,424,464,381,11.7,3.4,14.4,5,762,8,107,3,0,3,0,30,58
237348,343,11.5,2.0,112,492,499,25.2,2.4,32.7,4,882,8,107,3,0,21,1,58,51
28011,264,5.8,2.0,134,358,425,0.7,0.4,49.1,0,267,0,28,2,0,31,1,48,7
212420,129,7.7,1.0,0,16,491,14.6,3.2,2.7,8,1763,75,57,1,0,2,0,35,38
213255,463,6.8,2.0,37,98,796,75.9,5,24,10,376,55,126,5,1,10,1,70,204
145564,274,10.9,2.0,104,729,906,11.2,3.9,33.9,3,1347,32,93,3,0,10,1,63,26
214900,370,18.3,15.0,0,373,1171,48.8,7.4,8.2,5,5845,61,72,4,0,5,1,78,73
8670,177,7.1,1.0,53,102,349,5.2,1.7,21.9,2,431,47,32,1,0,15,1,35,13
233325,671,38.5,8.0,636,398,1601,56.3,11,26.7,20,3675,166,209,5,0,9,1,110,165
246179,320,9.2,1.0,0,714,977,52.2,9.9,9.8,5,61,31,75,4,0,4,1,84,213
139888,316,20,11.0,59,196,551,11.4,2.5,24.6,5,681,10,48,4,0,12,0,58,26
38809,336,11.7,2.0,90,1060,668,21.1,7.3,37.6,8,787,16,219,3,0,18,1,59,30
167060,137,9.2,5.0,22,7,69,12.9,0.9,1.8,8,267,0,4,0,0,0,0,13,34
210639,134,1.5,1.0,6,32,115,28.7,0,2.4,28,140,1,89,0,0,1,0,9,4
213113,230,12.7,7.0,44,100,242,26.6,1.1,4.3,23,439,1,133,0,0,1,0,19,7
210476,323,20.5,12.0,52,13,49,33.4,0.5,3.4,28,647,0,49,1,0,1,0,16,2
74203,513,33.4,24.0,10,99,627,48.2,3.3,11.3,22,272,2,195,4,0,3,0,96,29
210541,194,8.7,4.0,22,108,342,22.7,0.6,7.2,21,229,1,220,0,0,2,0,27,12
72467,143,7.9,3.0,10,40,107,16.8,0.2,2.2,16,112,1,74,0,0,1,0,8,5
19834,139,7.2,6.0,9,67,107,16.4,0.1,2.7,14,100,1,87,0,0,1,0,9,7
133742,267,17.9,11.0,39,11,45,23.6,1.1,4.7,13,472,0,29,2,0,1,0,28,1
197685,216,10.4,6.0,33,72,136,25.6,0.1,6.1,21,354,1,163,0,0,1,0,14,7
222805,296,9.3,2.0,6,266,201,49.2,1.4,5.8,32,63,0,130,2,0,3,0,35,42
79159,155,6.6,3.0,10,70,93,23.2,0.5,1.6,12,282,5,8,3,0,3,0,19,47
267854,120,8.4,7.0,5,23,116,10.8,1.8,1.9,9,40,1,46,0,0,1,0,14,3
257423,358,18.9,7.0,35,123,553,36.9,2.9,13.5,23,292,2,344,2,0,4,0,86,43
164298,393,16.3,8.0,65,193,96,60,0.8,3.1,53,577,5,71,1,0,1,0,11,29
238128,523,29,18.0,88,52,199,65.5,2.6,4.7,60,952,2,140,2,0,1,0,20,7
212446,310,17.4,10.0,40,17,217,34.6,2.8,5.7,20,495,0,13,1,0,1,0,42,110
246739,187,4.7,1.0,3,45,59,36.1,0.1,1.3,35,98,0,42,0,0,0,0,5,4
85771,646,8.7,5.0,18,25,164,135.1,2.7,9,89,225,0,33,1,0,4,0,40,48
261057,284,17.7,11.0,46,15,104,32.2,0.4,1.3,30,582,0,43,0,0,0,0,7,2
139468,544,38.7,11.0,0,164,368,46.7,6,16.5,26,745,0,261,13,0,1,0,24,50
212750,439,19.8,10.0,42,92,198,62.8,0.6,5.3,55,487,0,111,1,0,2,0,36,16
13882,93,3.9,0.0,0,878,252,16.1,2.1,1.3,11,494,47,38,1,0,1,0,22,14
212813,324,17.8,3.0,6,233,182,37,1.3,5.6,23,108,0,123,1,0,2,0,36,36
256598,707,25.5,12.0,61,498,396,110.5,1.4,11.8,79,556,2,352,2,0,5,0,38,72
106348,240,9.9,2.0,59,62,708,14.1,3.7,24.6,7,1753,29,53,2,0,12,1,50,42
155031,489,37.3,24.0,77,450,649,15.6,3.5,25.1,5,608,100,75,5,0,8,1,53,32
254367,492,11.6,2.0,148,2128,1185,47,20.7,46.2,6,1167,121,103,7,0,23,1,133,329
95860,360,3.7,0.0,0,244,1387,64.3,24.2,20.1,8,8122,34,114,7,0,7,1,132,372
256584,238,1.1,0.0,0,16,457,47.5,6.5,10.9,2,79,2,77,3,0,2,0,72,217
161381,226,8.9,1.0,0,502,551,33.6,7,6.7,5,900,33,73,4,0,3,1,56,85
168426,421,27.3,14.0,62,1038,1130,30,7.6,20.5,11,2568,56,674,10,0,7,1,106,101
212883,100,3.9,1.0,0,597,578,15.8,5.3,3.4,6,1004,35,109,2,0,2,0,74,111
105553,398,20.4,14.0,58,179,831,31.1,3.3,26.5,18,1481,36,63,4,0,17,1,87,50
217328,717,48.4,8.0,134,133,826,25,3.9,45.3,3,646,25,98,4,0,17,1,74,42
222732,271,18.4,7.0,69,172,356,7.6,1.3,18.7,5,535,24,29,3,0,6,0,26,16
246849,339,12.3,2.0,59,220,1106,33.4,2.2,29.3,5,1555,29,85,5,0,12,0,39,30
232203,469,41.4,12.0,37,947,451,15.4,2.4,11,7,834,9,134,1,0,3,0,35,29
212761,269,11.8,3.0,129,101,385,22,2.8,17.9,5,1414,52,94,3,0,4,0,28,29
142590,244,16.2,5.0,57,181,367,9.5,2,16,4,406,9,86,2,0,9,0,37,17
43805,340,21.8,3.0,0,547,526,20.2,6.3,21.4,4,785,16,814,5,0,7,0,92,68
216111,424,18.9,7.0,112,706,727,29.4,5.6,35.7,6,805,15,102,6,0,12,1,68,69
84009,343,17.5,4.0,16,159,801,40.7,5.1,10.3,17,2713,20,67,3,0,4,0,85,49
212516,563,23.4,7.0,16,43,509,75,5.6,14.2,6,1180,93,69,2,0,6,0,85,95
17717,696,34.3,8.0,0,803,393,82.5,9.4,15.3,3,44,7,69,5,0,7,1,67,191
267698,506,38.6,8.0,30,652,1346,24.3,7,21,8,13638,112,269,6,0,6,1,142,292
79785,347,26.3,11.0,88,1274,611,11.7,3.3,17.9,6,2140,46,55,1,0,9,0,41,36
246457,412,19.4,3.0,0,613,481,55.5,4.3,6.3,4,3810,24,69,1,0,2,0,35,35
269720,320,18.2,3.0,56,106,766,10.7,2.5,28.6,4,743,17,92,2,0,14,1,58,32
273877,324,9,4.0,60,497,1170,40.4,8.1,22.8,6,6718,65,87,4,0,12,1,77,89
27738,284,13.8,3.0,35,428,849,26.1,3.5,15.1,6,2137,35,150,2,0,6,0,71,35
273875,276,16.8,13.0,59,117,446,8.7,2.6,24.4,2,116,6,52,4,0,12,0,61,21
210515,323,18.1,7.0,59,264,451,15.5,3.2,25,6,713,111,52,2,0,12,1,40,29
260177,474,16.3,8.0,15,582,465,68.6,7.8,13.6,7,500,104,67,3,0,4,1,55,146
254961,566,11,4.0,88,768,760,78,4.5,37,3,176,16,68,14,0,11,1,154,37
274051,261,17.5,9.0,54,84,322,5.5,1.5,21.2,1,456,3,44,2,0,13,0,46,15
264313,419,31.6,27.0,0,392,1333,35.6,13.6,9.8,6,8552,31,117,8,0,6,1,137,108
216553,223,13,5.0,61,525,433,9.4,2.6,17.1,4,1495,66,56,2,0,8,0,34,44
212375,96,7.7,1.0,1,277,247,6.3,0.5,1.8,1,399,10,73,1,0,1,0,25,8
164193,374,15.3,2.0,0,1830,432,54.2,4.8,7.3,4,2893,52,73,4,0,4,0,62,158
151427,615,42.8,18.0,218,904,431,25.5,2.3,31.1,4,342,1,252,5,0,14,1,46,63
106979,323,21.6,7.0,0,175,418,19.1,4.9,17.7,8,705,17,715,4,0,5,0,76,45
254783,277,19.8,15.0,0,189,668,25.3,7,4,8,8190,9,51,3,0,2,0,69,47
266012,289,14.8,2.0,< 1,185,1204,38.1,12.9,7.1,16,1233,137,116,2,0,4,1,74,105
212527,275,9.1,3.0,0,286,471,40.5,10,10.7,12,708,66,88,4,0,3,0,73,190
221818,495,16.4,9.0,66,855,430,58.7,3.1,18.9,7,6083,35,105,1,0,6,0,35,19
213235,349,19.6,7.0,30,1520,790,33.3,5,12.1,6,996,56,119,3,0,4,1,58,44
269200,455,23.2,12.0,0,2065,539,36.7,7,27.4,5,298,14,87,6,0,3,0,92,34
43784,302,17,12.0,44,120,622,14.7,2.4,24.4,9,729,19,28,3,0,16,1,69,23
264212,354,11.5,1.0,0,47,881,54.7,9,12,4,4095,47,130,5,0,4,1,175,204
216707,102,7.5,1.0,0,339,208,8.4,2.3,1.2,4,682,18,40,1,0,1,0,15,25
232201,291,16,6.0,24,1193,629,28.3,5.4,11.4,9,1717,54,99,3,0,4,0,45,47
16604,482,22.9,2.0,0,480,777,59.1,20.3,15.7,10,2457,38,170,6,0,2,0,49,56
210508,419,18.2,7.0,11,57,493,52.9,12.1,12,5,507,39,52,5,0,5,0,72,232
237224,284,23.4,8.0,21,368,429,16.4,3.1,4.1,2,269,36,41,2,0,2,0,35,48
159147,276,17.3,4.0,6,418,465,23.7,3.1,10.6,6,1467,81,62,2,0,3,0,83,62
205581,198,3.5,1.0,0,1189,1198,39.7,10.4,9.3,8,2763,157,118,4,0,5,0,100,185
52785,230,5,3.0,13,90,425,36.4,1.7,10.2,10,1158,38,320,2,0,3,0,59,73
213744,283,8.8,1.0,0,431,631,44.5,8.9,8.9,6,1025,30,81,3,0,2,1,64,126
212492,375,8.5,1.0,0,69,401,66.6,3.7,8.2,5,986,51,64,4,1,6,0,51,194
106034,140,11.1,8.0,8,127,339,10.5,4.3,2.4,5,3160,37,61,2,0,1,0,31,54
229079,253,15,2.0,0,427,1416,26.6,9.6,8.5,11,11336,115,216,6,0,4,1,135,326
228993,262,13.1,1.0,0,316,74,30.5,4.5,6.2,1,110,3,19,4,0,0,0,13,8
239830,129,2.4,0.0,0,325,418,20,9.4,8.1,2,4288,6,78,3,0,3,0,62,172
240045,147,9.3,1.0,0,626,576,14.7,4.3,3.5,5,35,72,36,1,0,2,0,30,86
246078,205,2.7,2.0,5,708,306,41.3,1.7,4.4,0,131,3,34,1,0,0,0,30,4
274080,458,13.2,2.0,2,775,1389,63.3,16.4,23.7,13,14656,27,223,13,0,2,0,45,50
81354,396,11.3,7.0,28,677,1564,64.7,8.6,11.3,8,951,68,172,4,0,6,1,97,72
270047,452,19.6,4.0,75,776,719,48.1,3.7,28.1,3,3353,57,182,5,0,10,1,119,65
14983,913,58.6,14.0,213,220,1102,41.7,5.3,57.1,31,1950,68,95,5,0,32,1,113,65
117539,185,3.1,1.0,59,75,366,14.4,2.4,24.4,6,217,4,49,2,0,11,0,47,35
148938,312,16.9,7.0,76,658,787,16.7,3.7,23.4,9,1545,18,50,3,0,8,0,49,44
25340,277,8.7,3.0,8,927,173,46.9,3.7,5.5,2,2179,8,51,1,0,1,0,24,19
20243,491,19.8,8.0,176,439,528,7.8,1.2,67.2,1,131,2,59,3,0,33,1,73,13
245937,263,11.6,4.0,13,441,696,26.2,6.2,15.6,11,2341,35,122,2,0,4,0,47,76
142456,811,38.2,20.0,158,2378,2085,65.3,11.1,51.2,14,18236,45,344,12,0,25,1,112,75
236412,133,4.6,1.0,0,216,205,19.9,4.2,4.1,1,385,9,48,2,0,1,0,30,60
189679,309,18,5.0,97,105,349,5.5,1.9,31.2,0,135,8,56,2,0,10,1,39,11
165456,874,30.7,6.0,198,1692,524,109.1,4.6,34,5,270,4,254,9,1,10,0,86,298
236773,209,11.5,2.0,43,426,629,10.8,3.1,16.8,3,1042,14,90,3,1,7,0,54,26
258746,795,65.2,25.0,212,314,686,15.8,3.5,34,3,1798,20,337,8,0,9,1,46,41
210510,321,9,2.0,0,217,1519,55.3,11.2,7.9,20,593,44,90,4,0,4,1,107,300
79028,358,18.2,7.0,90,334,359,22.9,1.6,23.7,0,34,2,88,3,0,7,0,33,59
268387,210,4.6,1.0,0,344,1494,39.8,10.1,7.9,11,575,160,145,5,0,5,1,90,132
188311,215,8.2,1.0,173,251,516,14.6,2.9,20.6,7,970,71,72,4,0,8,0,53,38
76989,743,52.5,17.0,214,1093,768,4.7,0.6,59.8,1,197,2,96,5,1,22,1,65,26
210634,229,14.4,2.0,0,250,403,23.3,2.5,2.9,1,461,8,46,2,0,2,0,37,15
228899,517,31.9,19.0,94,893,1468,36.8,2.4,23.5,32,6981,35,806,2,0,10,0,121,157
8602,431,28.7,7.0,122,703,388,3,0.5,38.7,1,154,8,42,2,0,12,1,36,11
149027,328,10.1,2.0,3,761,690,47.1,12.2,15.5,8,8990,17,279,5,0,3,1,109,194
218505,89,4.9,3.0,11,160,852,8.5,4.5,4.8,1,13411,67,166,4,0,2,0,108,310
246163,253,5.6,1.0,0,40,1109,46.7,6,5.7,3,116,65,58,3,0,4,1,65,44
216813,196,3.5,2.0,8,606,17,38,0.7,3.7,0,92,1,15,0,0,0,0,2,2
241731,195,3.1,1.0,0,45,29,38.6,1.1,3.9,0,13,0,22,1,0,0,0,5,0
266743,242,8.1,1.0,0,333,374,32.1,9.6,12.1,13,4683,41,69,5,1,5,0,64,119
81356,302,9.5,1.0,0,318,202,45.7,2.8,9,2,389,3,32,2,0,6,0,55,117
246712,186,13.3,2.0,0,622,587,15.9,5.5,3.4,6,1857,110,92,2,0,2,0,57,76
143152,305,1.8,0.0,0,24,1627,66.4,8.5,7.9,4,298,101,53,3,0,6,1,91,64
245525,410,4.4,1.0,0,120,417,82.5,3.2,8.3,4,4600,115,72,5,1,6,0,52,253
158950,226,11.1,2.0,0,852,322,26.6,9.2,7.2,5,682,23,76,2,0,1,0,21,25
53069,352,5.6,3.0,12,320,1436,71,7.3,7.2,5,1583,102,41,2,0,7,1,86,48
216669,214,15.3,9.0,36,80,235,19.1,2.2,3.6,3,632,10,42,0,0,2,0,20,35
104808,349,8.6,2.0,2,265,270,59.5,1.6,8.2,3,575,4,134,4,0,4,0,54,156
16510,358,22,3.0,0,642,1227,37.2,10.7,10,5,1178,201,102,3,0,6,1,81,125
245938,306,3.7,1.0,< 1,47,1242,52.5,13.4,18.2,4,644,14,94,6,1,6,0,119,313
278215,212,8.5,1.0,0,386,354,30.9,7,6.4,2,1249,51,86,4,0,1,1,47,79
276153,251,22.6,3.0,0,124,274,10.2,3,3,1,240,14,56,1,0,1,0,50,87
169587,438,11.1,2.0,0,751,1809,78.6,6.2,9.5,3,193,25,77,5,0,6,1,104,60
261356,302,13,2.0,0,444,180,41.3,1.4,5.4,2,828,59,68,3,0,4,0,38,129
222787,379,20.8,9.0,37,696,561,35.9,6.6,14.6,3,1034,10,181,3,0,3,1,60,90
212727,485,8.3,2.0,0,118,433,93.4,5.2,10.2,4,5041,21,61,2,0,2,0,31,36
265912,42,4.1,3.0,11,107,16,1.1,0.2,0.1,0,177,4,4,0,0,0,0,2,1
52232,487,14.5,2.0,0,898,1400,81.7,9.7,9,10,1503,40,61,3,0,8,1,93,66
21459,362,13.4,9.0,15,693,1335,44.9,18.3,21,6,12196,16,216,12,0,6,1,187,502
212722,474,30.4,11.0,179,1141,819,12.9,2.6,38.1,5,781,10,159,3,0,19,1,74,37
263123,448,32.5,20.0,0,201,1021,33,10.5,12.5,7,3362,75,101,6,0,3,0,79,107
86828,349,20.5,6.0,120,618,437,5.4,1.1,34.2,3,840,2,112,3,0,14,0,42,15
240337,456,27.9,16.0,182,761,606,10.4,2.1,40.7,5,1797,6,209,3,0,24,1,63,20
17449,134,5.4,1.0,57,547,363,6.9,1.6,14.7,3,139,9,50,2,0,8,0,32,18
215055,368,10,2.0,59,200,1383,41.6,6.3,27.5,8,1377,36,71,3,0,14,1,84,69
256164,195,9.4,3.0,11,773,711,16.3,5.7,14.6,5,12276,20,212,3,0,5,0,98,168
212487,544,25,8.0,43,429,539,64.3,4.8,16.5,8,963,71,92,2,0,7,0,42,45
212366,224,5.5,1.0,3,35,789,34.2,8.6,11.3,3,579,10,67,4,0,3,0,76,192
212449,185,9.1,4.0,16,100,508,18.9,1.3,8.4,14,1159,111,263,1,0,2,0,48,41
239939,176,12.6,11.0,0,52,656,16,3.5,3.5,4,11364,41,77,3,0,2,0,48,32
20350,330,3,1.0,0,667,1143,57.1,14.5,21.1,6,347,9,129,6,1,6,0,169,543
212882,228,4.1,1.0,0,641,1384,44.3,9.2,7.5,9,651,112,79,3,0,5,1,75,130
75409,147,2.8,1.0,65,1966,266,3,0.3,24,1,832,7,27,1,0,15,0,25,14
80683,234,9.2,2.0,44,182,693,19.8,3.2,18.8,4,936,29,68,2,0,12,1,49,33
35909,220,15.4,4.0,36,172,277,7.2,0.5,13.3,7,628,1,18,1,0,6,0,16,3
24782,492,28.4,14.0,149,666,950,19,3.7,35.8,10,2441,23,159,3,0,23,1,80,28
68473,399,27.5,10.0,95,528,528,13.5,2,25.4,5,736,7,120,2,0,15,1,67,25
45040,652,33.9,6.0,6,375,1161,78.8,10,13.4,11,5541,82,202,4,1,9,1,93,160
22765,185,5.2,1.0,0,868,481,25,9.7,11.1,3,110,3,32,4,0,3,0,47,220
103915,141,7.3,1.0,0,408,497,17.8,3.7,2.8,2,145,39,32,1,0,2,0,29,42
17288,41,4.6,1.0,0,388,< 1,0,0,0,0,0,0,0,0,0,0,0,0,0
147210,119,2.8,0.0,0,4,132,21.2,2.4,2.9,1,116,2,23,1,0,2,0,37,11
233531,127,0.7,0.0,0,221,152,27.2,4.6,5.1,0,3,0,14,1,0,4,0,52,16
280310,102,2.7,1.0,6,264,24,15.5,0.5,3.4,1,0,0,66,1,0,2,0,4,38
14565,52,3.7,2.0,22,363,23,4.1,0.1,0.8,4,125,0,8,0,0,0,0,2,14
85469,110,3,0.0,0,234,62,18.2,1.8,2.9,0,1,0,7,1,0,2,0,19,28
213233,400,18.6,4.0,9,183,416,53.1,8.2,9.3,1,246,4,35,3,0,7,0,93,31
17225,119,1.9,0.0,0,98,138,22.8,4,4.4,0,0,0,11,1,0,3,0,46,14
279560,252,5.3,3.0,26,424,86,42.7,1.5,7.6,2,147,0,18,3,0,6,0,16,122
246324,322,8.7,2.0,5,245,163,51.3,1.7,8.5,4,119,0,117,3,1,5,0,22,117
7021,237,9.3,5.0,23,393,76,33.3,1.3,4.9,1,268,0,27,2,0,4,0,14,92
20034,102,1.4,0.0,0,49,22,20.1,0.6,2.2,4,0,0,3,1,0,2,0,5,38
15074,314,8.9,5.0,22,494,126,50,2,7.7,2,266,0,63,3,1,4,0,18,125
210477,177,2.5,0.0,0,10,326,29.9,5.6,9.1,1,52,1,43,3,0,2,0,54,113
273411,359,2.9,0.0,0,96,1051,76.1,12.1,12.3,3,965,87,53,4,0,9,1,130,59
137637,440,15.5,10.0,27,666,288,66.3,5,10.3,9,396,5,56,4,1,8,0,35,158
213686,629,36.7,11.0,0,71,215,69,4.1,6.7,1,1333,6,28,1,0,4,0,50,10
262554,113,11.2,7.0,0,684,30,4,0.9,0.6,1,0,0,36,0,0,1,0,2,35
143271,139,5.8,1.0,< 1,123,171,18.9,1.7,4,10,94,4,103,1,0,1,0,27,10
105932,735,54.7,14.0,227,407,605,0.9,0.3,56.5,0,507,7,37,3,0,31,1,63,20
242337,395,17.2,9.0,43,882,227,48.5,2.5,14.1,6,547,0,80,2,0,5,0,38,118
275715,323,12,5.0,76,354,535,29.5,3.3,25.3,18,1112,35,52,3,0,12,0,32,16
272913,370,20.1,6.0,110,524,287,15.6,2.1,32.4,10,267,17,111,2,0,12,0,36,13
273304,409,13.5,6.0,0,958,953,58.4,16.7,17.4,13,513,94,115,6,0,5,1,115,465
240054,322,16.3,4.0,0,279,61,38.7,3.9,5.6,1,392,4,11,2,0,3,0,11,48
236215,434,7.7,1.0,0,617,2118,84.6,11.9,10.2,9,1057,101,82,4,0,8,1,117,95
275212,291,13.6,4.0,55,474,303,24.2,0.7,18.5,4,14,2,24,2,1,8,0,28,5
241236,202,16.5,11.0,265,105,230,5.5,1.7,9,2,551,4,58,2,0,2,0,27,38
274355,379,5,1.0,0,315,1754,70.4,25.7,16.4,7,300,26,93,6,0,6,1,117,296
245120,382,13.7,2.0,0,45,524,59.9,12.1,10.4,6,872,84,26,4,0,5,0,31,53
239700,288,4,1.0,3,518,429,53.7,4,9.7,9,636,12,38,3,1,6,0,38,150
246347,188,6,4.0,20,494,384,24.3,11.3,9.8,2,238,2,41,3,0,3,0,49,175
266013,197,1.4,0.0,0,631,864,47.6,12.3,7.8,10,1279,18,95,5,0,3,0,73,68
146998,108,4.4,1.0,1,109,542,13.8,4.7,5.6,6,158,67,123,2,0,2,0,32,88
142966,659,43,26.0,189,1507,1329,34.3,8,37.2,19,6017,146,192,3,0,18,1,91,114
135867,849,46.4,35.0,5,63,921,90.5,9,25.6,2,968,20,686,13,1,12,0,181,304
217330,413,27.8,15.0,0,401,961,33.2,8.6,15.1,9,5560,37,223,6,0,6,1,122,111
213548,166,4.8,2.0,5,260,561,28.2,4.6,4.9,5,992,38,52,2,0,3,0,44,35
221791,175,5.1,1.0,0,81,171,25.9,2.8,8.2,4,2935,16,44,2,0,1,0,16,15
210507,244,7.7,1.0,0,112,1413,40.5,10,8.2,11,1168,184,99,3,0,5,1,78,160
237067,374,21,8.0,26,479,287,40.1,4.8,8.1,5,5063,9,110,2,0,3,0,29,51
246558,547,18.4,8.0,69,148,496,74,3.9,22.3,8,1350,53,188,3,0,6,0,41,44
244529,200,12.2,2.0,0,307,462,22.3,4.5,3.2,1,2456,38,104,2,0,2,0,70,104
64066,182,16.2,10.0,41,565,619,7.6,4.2,4.7,1,13290,46,183,5,0,2,0,89,169
103915,141,7.3,1.0,0,408,497,17.8,3.7,2.8,2,145,39,32,1,0,2,0,29,42
100118,125,4.9,3.0,20,684,380,12,0,8.3,12,464,2,293,0,0,2,0,28,13
105046,50,3.3,2.0,8,62,5,2.8,0.5,2.5,2,98,4,1,0,0,0,0,0,1
274262,268,11,2.0,0,305,947,39.2,5.4,4.8,2,105,43,41,2,0,4,1,57,37
93896,279,5.3,1.0,0,48,1309,53.2,8,7.4,6,2428,135,65,3,0,5,1,78,70
272441,143,4.7,1.0,0,943,360,22,4.8,4.7,3,222,9,51,2,0,1,0,36,57
222666,204,7.9,1.0,0,749,744,29,7.3,4.7,6,447,76,97,2,0,3,1,49,83
72349,216,5.4,1.0,0,394,39,38.9,1,3.9,1,16,1,26,1,0,0,0,6,2
75087,171,14.4,2.0,0,589,255,10.7,4.7,2.9,2,820,20,60,1,0,1,0,30,42
222667,390,21.5,10.0,48,420,757,37.1,15.6,13.2,3,1191,8,111,7,0,4,0,87,195
24709,154,4.1,3.0,10,418,35,26.1,0.4,2.5,0,118,0,13,1,0,2,0,12,54
259135,123,9,6.0,23,146,489,10.4,4.5,3.3,4,513,73,50,1,0,2,0,26,86
59280,259,15.6,10.0,41,113,52,26.8,0.5,2.8,0,478,1,19,1,0,2,0,14,56
86278,307,12.3,2.0,0,251,1053,45.5,7.5,6.5,3,4644,49,61,3,0,4,1,65,55
38033,128,4,1.0,0,451,540,21.4,3,2.7,1,101,23,34,8,0,2,0,42,20
17971,179,4.8,1.0,0,34,121,30.1,1.6,4,2,2473,3,16,1,0,1,0,16,16
174026,267,22.8,7.0,0,344,459,15.8,4.6,2.9,9,310,26,43,2,0,2,0,38,32
74153,126,8.9,6.0,23,72,396,11.1,4.3,2.8,3,697,26,106,1,0,2,0,69,106
55641,135,4,1.0,0,331,672,23.1,4.4,4,4,198,62,44,2,0,3,1,43,72
160185,139,7.5,1.0,0,528,249,14.8,5.9,4.6,2,249,28,49,2,0,1,0,15,35
105691,462,25.1,14.0,2,792,352,55.8,2.2,8.4,10,73,1,33,4,0,2,0,80,22
189305,404,11.1,5.0,20,257,329,72.5,9.7,6.6,6,254,2,48,3,0,7,0,69,43
245730,126,7.4,1.0,0,134,419,14,3.3,2.2,8,785,79,50,1,0,1,0,26,31
67767,248,6.7,1.0,0,448,493,40.2,8.3,8.5,3,809,17,74,3,0,2,1,57,116
81111,61,1.5,0.0,0,152,446,11.8,5.6,2,5,512,10,24,1,0,1,0,26,42
204933,69,3.7,1.0,0,301,357,8.5,3.8,2.4,1,435,24,98,1,0,1,0,68,100
46372,232,6.5,1.0,0,542,365,36.9,7.4,7.9,1,292,12,64,2,0,2,1,51,106
222808,268,4.7,1.0,0,267,1205,52.1,3.8,6.3,2,86,17,45,3,0,4,1,68,41
247103,211,15.7,8.0,0,37,645,18.3,9,3.6,5,242,6,51,2,0,2,0,58,57
217332,264,24.3,9.0,33,299,436,12.4,6.6,2.2,5,543,6,29,1,0,1,0,28,42
107228,267,7.2,2.0,< 1,307,133,44.7,1.2,4.9,2,19,1,56,3,0,3,0,20,125
276299,173,9.9,4.0,15,92,515,19.7,3.5,2.8,1,762,31,45,2,0,2,0,33,27
86197,395,11.4,2.0,0,272,1539,62.9,16.7,14,9,919,89,116,6,0,7,1,109,229
163927,58,5.9,4.0,15,43,47,1.6,0.5,0.3,1,406,2,10,0,0,0,0,4,7
267615,316,17.3,3.0,105,1334,400,13.4,1.4,26.6,2,1181,5,99,4,0,16,1,57,20
88230,353,18,13.0,27,283,743,32.1,5.1,18.9,3,1978,18,85,5,0,7,1,111,43
13059,209,5.7,1.0,0,12,642,30.6,12.7,10.4,6,831,20,66,4,0,3,0,62,181
14035,235,14.1,2.0,0,593,707,25.7,4,3.3,4,715,34,30,1,0,2,0,38,35
136456,458,8,4.0,17,1043,317,86.9,3.9,9.7,4,3526,15,54,2,0,1,0,26,27
221092,215,11.1,3.0,94,93,267,1.9,0.7,25.8,0,77,3,31,1,0,11,0,29,10
150812,321,21.8,11.0,115,115,324,8.2,1.1,22.9,5,1033,6,50,2,0,9,0,28,28
246559,506,8.5,2.0,46,79,364,83.3,2.8,24.8,5,354,10,77,2,0,11,0,32,20
245126,402,29.5,20.0,60,776,912,24.3,7.5,15.3,9,7735,82,104,5,0,9,1,94,109
86602,378,24.8,7.0,26,1101,770,32.4,6.2,10.1,13,3754,40,111,2,0,4,0,75,53
220560,489,35.4,12.0,88,132,800,16.1,3.5,28.1,9,1135,70,134,3,0,12,0,66,51
212424,232,12.3,3.0,0,82,732,28.3,9.4,6.7,14,1285,219,154,3,0,2,1,65,152
20793,167,4.3,1.0,0,641,617,29.8,4.6,4.2,6,4517,28,52,2,0,3,0,45,35
19625,368,19.5,6.0,102,1165,597,10.5,1.6,36.1,6,762,7,216,4,0,10,1,60,19
272368,603,39.1,20.0,66,476,762,40.6,9.9,27.5,6,1155,23,110,8,0,10,1,111,111
208041,367,17.6,3.0,136,418,1015,5.7,1.8,44.8,3,1011,12,93,3,0,16,1,97,45
210520,277,7.9,1.0,0,31,741,39.8,2.1,13.8,5,1107,119,108,5,0,2,0,115,90
213244,343,21.4,13.0,175,71,314,13.8,4,25.1,3,486,8,142,5,0,5,0,40,23
270805,150,8.4,2.0,6,542,226,9,3.5,9.8,3,702,6,66,3,0,1,0,15,34
213232,328,12.4,2.0,0,108,1474,50.7,9.2,8.1,9,2898,183,138,5,0,6,1,99,74
21003,515,15.4,3.0,0,905,231,87.1,4.3,9.9,4,3113,10,41,2,0,1,0,23,27
222807,242,15.6,2.0,53,1305,354,8.1,2.3,18.1,3,392,7,44,3,0,7,0,29,19
183664,228,3,2.0,10,121,590,43.6,2.1,9.4,40,921,34,336,1,0,2,0,41,37
58312,90,2.3,1.0,8,42,128,15.6,1.1,2.2,13,69,1,92,1,0,1,0,10,3
93898,113,3.4,2.0,12,890,406,12.3,0.3,8.7,12,225,1,310,1,0,1,0,33,17
20435,50,1.1,1.0,4,51,167,6.4,0,3.8,6,36,1,131,0,0,0,0,12,8
236750,42,0.2,0.0,0,29,17,10.7,0.4,0.2,10,0,0,3,0,0,0,0,6,0
238362,270,3.6,2.0,12,126,842,52.1,3.1,10.7,40,230,12,334,0,0,2,1,63,42
236294,154,5.3,3.0,20,104,427,19,1,8.4,16,474,2,304,1,0,2,0,36,14
222513,145,3.6,2.0,15,81,282,22.6,0,6.1,22,346,0,220,0,0,1,0,22,9
32620,482,4.4,3.0,15,176,897,102.4,3.7,13.9,98,1708,59,470,0,0,3,0,60,56
241249,58,0.2,0.0,0,13,104,13.7,2.2,0.6,9,11,1,42,1,0,0,0,7,1
258801,150,6.4,2.0,0,168,561,22.3,4.8,2.3,11,539,4,255,6,0,1,0,47,6
141367,111,1.8,1.0,7,67,305,19.2,1.1,5.3,18,87,32,183,0,0,1,0,23,23
241638,88,1.1,1.0,3,36,140,18.2,1.6,2,15,86,0,101,1,0,1,0,16,2
54319,121,1.2,0.0,3,47,133,27.8,0,2.3,3,44,54,78,3,0,2,0,7,4
52277,232,6.2,4.0,21,104,489,37.6,4.4,9.4,31,486,1,342,1,0,2,0,58,15
155060,126,3,2.0,10,131,294,19.3,0.6,5.1,16,231,0,167,0,0,1,0,27,7
219292,31,0.1,0.0,< 1,22,83,6.5,0.3,1.2,6,62,0,50,0,0,0,0,9,1
58982,100,2.6,2.0,10,55,285,14.6,1.2,5,12,238,1,172,1,0,1,0,25,6
264349,228,9.6,6.0,36,159,538,23.9,0.1,12,23,428,2,419,0,0,2,0,40,24
206172,207,3.1,2.0,9,75,380,41.6,1.6,5.9,40,1252,24,198,0,0,1,0,26,23
32680,28,0,0.0,0,7,27,7.3,0.6,0.1,6,4,0,19,0,0,0,0,4,0
260769,639,34.5,21.0,40,240,560,65.1,0.1,18.1,65,711,0,676,0,0,3,0,40,18
172227,136,1.1,0.0,5,467,622,18.5,0.3,13.2,17,178,2,475,2,0,2,0,54,25
244623,143,2.9,0.0,0,163,279,29.3,2.1,1.5,25,536,1,228,1,0,0,0,25,2
106159,433,28.1,10.0,49,819,810,33,8.1,16,14,3762,38,120,4,0,6,0,67,90
212521,227,15.5,6.0,29,250,507,14.2,3,9.6,7,1747,23,84,1,0,3,0,28,38
178502,765,47.1,8.0,262,1783,341,11,2.2,81.5,4,2306,68,775,4,0,1,0,44,34
236563,412,7.8,1.0,2,1207,1193,72.7,15.2,16.8,10,2530,67,193,6,0,5,1,117,207
20312,483,36.3,12.0,37,544,1931,27.3,9.9,19.5,3,36742,45,702,14,0,6,1,326,520
14109,168,11.6,2.0,0,62,748,15.1,6.2,4.6,7,709,88,64,1,0,2,0,40,123
240336,329,17,5.0,95,1232,675,15.8,3.6,29.6,3,1224,16,82,3,0,13,1,57,30
272443,408,15.6,1.0,0,934,899,55.8,11.3,13,14,3468,100,140,7,1,6,1,73,196
8954,266,13.8,2.0,53,304,511,10.6,3,23,4,1393,95,69,2,0,15,1,54,26
236411,620,42.4,20.0,216,218,749,14.1,3.3,45.6,6,1931,16,135,4,0,18,1,65,39
246561,416,9.6,2.0,44,1361,356,57.6,2.7,23.6,6,373,64,107,2,0,9,0,35,23
267055,335,19.1,13.0,0,50,1200,41.7,7.2,5.5,6,18214,74,125,5,0,5,1,116,78
262499,428,28.5,7.0,19,637,732,26.4,5.3,20.9,9,2306,84,193,3,0,5,0,86,69
150275,190,9.6,2.0,59,419,366,5.8,1.2,19.2,3,1316,100,36,2,0,7,0,32,23
174437,577,26.2,12.0,203,375,1033,29.6,3.2,55.6,19,391,7,68,6,0,27,1,89,84
232493,291,11.6,2.0,0,666,1158,35.8,13.3,14.8,6,8655,37,148,7,0,5,1,130,403
55177,338,23.9,13.0,216,582,411,7.3,1.5,25,2,515,9,71,6,0,9,0,70,17
217332,264,24.3,9.0,33,299,436,12.4,6.6,2.2,5,543,6,29,1,0,1,0,28,42
212488,453,30.4,10.0,90,90,760,20.5,4.3,25.6,9,1080,74,80,3,0,12,0,53,60
190490,505,31.8,22.0,13,1073,1100,49.7,9.5,11.9,7,692,34,143,6,0,5,1,135,97
246560,717,25.8,6.0,166,1212,869,89.3,5.1,39.8,12,2096,34,82,3,0,16,1,62,51
82813,241,2,0.0,50,620,552,34.5,3,22.7,15,134,8,60,3,0,15,1,66,13
159251,760,34.5,10.0,109,741,635,69.7,7,42.3,2,2954,10,85,5,0,15,1,87,41
213236,250,8.9,1.0,0,503,343,20.5,4.9,24.4,5,684,8,58,3,0,1,0,32,21
212719,493,34,8.0,103,195,434,8,2.1,36.7,3,986,78,57,4,0,15,0,48,28
222626,413,15.9,3.0,91,432,657,40.1,2.9,27.2,8,353,8,160,3,0,4,0,78,55
159874,563,28.9,8.0,92,667,1278,37.1,4,39.9,32,2479,36,75,2,1,18,1,72,46
241481,485,42.2,17.0,105,152,327,0.9,0.2,23.7,0,55,0,25,3,0,14,0,32,26
256163,293,23.3,8.0,33,704,537,9.3,2.5,13.4,2,6983,22,148,2,0,3,0,66,153
276151,218,8,1.0,0,185,1583,32.7,7.9,8.2,5,16303,78,209,6,0,5,1,171,363
25319,306,6.8,2.0,6,60,83,57.9,1.3,5.2,13,70,1,20,1,0,0,0,25,6
267614,373,29.9,9.0,62,331,268,10.8,3.1,16.4,3,725,7,77,3,0,6,0,26,14
55449,125,4.8,1.0,24,325,339,9.1,2.7,11.5,2,346,4,65,1,0,4,0,34,15
223328,643,17.3,9.0,148,497,863,67.1,5.9,54,12,2900,30,126,8,0,24,1,67,94
272774,795,67.8,38.0,257,971,1181,26.6,6.8,25.9,13,3106,75,161,4,0,11,1,75,107
14513,296,4.7,2.0,68,346,419,30.9,1.8,31,5,60,2,178,2,0,18,1,51,60
274236,345,15.6,10.0,32,837,622,36.7,4.2,16,8,6324,14,59,9,0,10,1,73,53
241741,783,62,17.0,106,471,689,28.9,3.9,28.2,10,823,38,97,5,0,12,0,59,58
246711,133,7.6,1.0,0,56,561,15.8,5.3,3.5,4,918,35,122,2,0,2,0,79,116
140997,599,44.7,21.0,182,665,1155,16.5,3.9,34.3,4,3601,61,153,3,1,20,1,77,121
278377,385,19,3.0,0,412,1289,48.5,9.8,8.7,8,7048,92,76,7,0,5,1,83,120
164885,450,20,9.0,109,527,412,40.3,2.5,26.9,19,752,8,45,3,0,13,0,38,60
247206,362,11.3,5.0,16,95,759,48,14.1,19.4,5,238,5,58,5,0,2,0,40,79
246257,331,6.1,1.0,0,311,217,62.6,3.9,7.9,6,3129,15,50,2,0,1,0,20,34
12785,446,36.1,25.0,0,482,328,18.2,7.7,16.2,6,150,5,51,3,0,4,0,29,25
16842,398,17.2,5.0,159,189,717,9.4,2.2,50,3,683,56,59,3,0,29,1,76,30
210528,265,12.4,5.0,7,132,714,31.3,5,9.8,17,3593,66,287,2,0,2,0,63,45
266140,427,9.8,3.0,75,184,1413,53.8,8.3,31,10,1298,112,255,6,0,12,1,93,68
94552,517,21.6,7.0,107,518,572,46.2,1.1,34.2,1,1022,2,49,4,0,12,1,54,66
100117,210,8.1,3.0,82,494,407,4.6,0.5,28.6,3,197,5,98,1,0,18,1,43,10
81562,570,19,8.0,65,509,423,70.5,2.7,25,5,828,70,156,4,0,11,0,59,144
210533,115,7.3,1.0,0,137,346,11.5,1.9,2.1,1,3158,12,59,2,0,1,0,42,65
212751,456,38.4,23.0,0,27,798,30.5,6.2,5.5,15,990,50,104,5,0,3,0,104,78
165206,337,18.2,5.0,99,138,599,8.2,2.4,33.5,3,251,9,72,4,0,16,0,51,45
232169,181,3.7,1.0,65,96,379,9.5,0.9,26.8,6,150,9,141,1,0,12,0,37,17
273934,246,4.9,3.0,0,297,1114,37.8,19.1,16.2,3,8541,43,143,10,0,5,1,143,413
138127,368,23.2,14.0,61,1438,934,24,5.4,20.2,8,9883,23,227,3,0,6,1,92,133
276152,183,10.9,2.0,0,302,525,19.6,4.1,3.7,3,987,54,118,2,0,2,0,69,73
104820,235,17.1,9.0,0,1053,782,17.4,4.8,7.8,9,4748,18,189,6,0,4,0,69,47
20718,607,38.3,16.0,61,822,651,34.3,5,33.7,6,62,4,72,5,0,18,1,113,48
72488,519,29.2,17.0,136,713,509,29.3,1.4,34.2,8,779,6,230,2,0,19,1,53,53
222668,285,9.5,1.0,66,717,1025,19.8,5.8,31.3,10,3063,44,75,3,0,21,1,79,70
176909,261,5.7,2.0,91,443,548,16.5,1.9,33.1,12,1305,17,73,4,0,20,1,38,11
162894,309,15.1,3.0,53,2073,898,22.2,6.2,23.4,8,2227,18,136,6,0,5,0,49,32
237347,584,28.1,17.0,95,2162,767,66.5,4.8,18,9,1175,28,72,3,0,3,0,40,42
65217,306,3.9,1.0,0,10,266,55.9,2.9,15.4,3,311,25,38,3,0,1,0,36,11
256662,259,11.4,1.0,0,685,610,33.8,7.7,3.4,11,1485,128,67,3,0,2,0,41,34
238977,301,13.8,5.0,80,102,589,17.4,4.7,28.1,2,89,7,70,5,0,10,0,63,53
217183,216,10,4.0,54,190,376,12.5,1.3,18.9,7,53,10,28,1,0,7,0,22,10
28472,582,44.4,16.0,142,771,579,8.3,3,37.4,1,978,9,70,4,0,20,1,72,26
257420,92,4.8,1.0,3,10,59,11.6,0.8,1.7,11,44,0,23,0,0,1,0,20,2
20651,86,7.1,2.0,98,104,62,1.5,0.1,4.1,1,147,1,15,1,0,1,0,5,12
233428,18,0.4,0.0,< 1,12,60,2.7,0.2,1,2,62,2,32,0,0,0,0,4,4
275129,344,22.7,12.0,73,319,126,22.1,1.4,12.8,3,554,2,20,2,0,6,0,16,45
256596,124,4.6,1.0,2,86,91,15.7,0.9,5.6,6,35,1,91,2,0,1,0,30,3
230616,179,12.5,11.0,0,10,212,16.4,4,2.4,4,156,17,20,3,0,3,0,25,16
259195,173,13.7,2.0,0,6,187,10,1.4,5.2,6,87,0,23,3,0,2,0,113,13
266523,163,14.1,3.0,6,14,35,8.7,0.6,1.3,0,74,1,8,1,0,1,0,6,20
245120,382,13.7,2.0,0,45,524,59.9,12.1,10.4,6,872,84,26,4,0,5,0,31,53
257437,801,67.6,9.0,0,68,1165,27.9,12.9,36.2,8,551,13,140,7,1,23,1,240,344
244529,200,12.2,2.0,0,307,462,22.3,4.5,3.2,1,2456,38,104,2,0,2,0,70,104
240652,323,23,14.0,66,1225,576,16.5,2.7,14.4,6,1197,28,176,2,0,4,0,41,34
242006,391,17.3,5.0,96,664,948,26.7,5.7,31.1,16,2331,53,125,7,0,12,0,51,63
274035,153,3.8,1.0,67,82,232,3.2,0.9,24.5,0,94,2,28,1,0,15,1,29,6
276149,530,32,10.0,141,875,1105,18.3,4.3,43.2,8,4985,55,159,5,0,18,1,99,111
273021,246,9.5,3.0,11,443,721,28.3,6.9,13.4,12,1849,32,136,2,0,3,0,47,67
272374,841,34,17.0,70,701,814,100.7,5.2,33.9,7,4184,25,84,8,1,19,1,133,227
247111,277,14.4,6.0,36,68,648,24.8,5.9,14.8,7,747,23,89,3,0,6,0,55,40
270114,433,13,4.0,6,916,397,70,7.8,11.9,4,1093,35,182,4,0,5,0,41,112
267616,452,28,13.0,64,1265,680,38.8,4.2,13.7,3,1109,37,140,5,0,2,0,103,109
268483,414,29.1,8.0,68,939,461,10.2,1.5,28.2,6,1061,4,151,2,0,16,1,45,22
263124,460,10.8,2.0,0,69,1931,84.3,18.7,15.2,18,36765,86,268,7,1,8,1,195,397
260176,543,42.6,10.0,99,1122,171,21,1,25.4,0,152,0,12,1,0,9,0,19,6
260178,578,20.7,5.0,0,532,807,81.6,17.6,20.7,13,1246,34,61,3,0,3,1,118,132
260184,1362,65.7,21.0,484,537,1960,20.7,3.9,162.7,5,12824,25,195,12,0,60,3,167,62
85490,324,15.6,2.0,0,736,1052,41.2,7,7.2,6,1179,91,84,3,0,5,1,74,68
80662,194,8,2.0,59,344,250,7.5,2.3,23,2,204,3,44,2,0,11,0,31,10
93597,268,12.7,2.0,277,734,376,4.9,1.2,30.6,2,1018,9,104,5,0,11,0,64,20
272429,303,10.7,2.0,59,604,1585,23.3,8.5,30.1,9,18620,73,288,11,0,14,1,174,348
221826,315,20.7,4.0,17,586,1217,16.3,5.5,19.9,3,14425,54,254,6,0,5,1,144,306
212378,482,28.2,4.0,0,66,606,47.9,5.3,13.8,5,1181,148,96,5,0,7,0,122,129
254369,289,14.7,6.0,25,1562,345,17.2,2.6,22.7,5,532,10,141,1,0,4,0,24,43
210514,478,31.3,9.0,103,467,593,15,2.5,34.2,9,988,84,135,2,0,11,1,66,26
245616,253,8.8,1.0,0,511,699,38.4,10.1,8.8,7,1879,39,109,5,0,4,1,75,110
272557,260,12.7,3.0,56,706,594,15.5,3.7,21.1,8,1143,16,144,3,0,7,0,46,42
212756,435,24.4,9.0,34,975,667,24.5,4.2,31,9,1337,67,189,1,0,6,1,41,67
8622,504,40.9,18.0,170,468,407,10.5,1.4,24,4,1121,6,57,2,0,8,0,37,19
241809,585,44.6,36.0,66,482,1452,19.1,6.1,34.1,2,8878,39,168,11,0,22,1,209,226
77138,497,23.4,14.0,54,1841,431,52.5,4,21,4,1110,13,99,6,0,6,0,73,104
107311,312,3.8,1.0,4,280,1926,63.5,10.1,7.4,9,9959,58,112,6,0,4,1,75,84
220508,413,18,2.0,0,317,1122,45.6,10.2,22,3,1270,123,303,7,1,8,0,116,258
274081,289,11.6,2.0,0,54,543,34.7,8.6,13.6,3,93,6,67,4,0,0,0,16,12
278644,131,7.8,1.0,0,56,471,15.2,7.6,2.8,5,228,6,40,1,0,2,0,32,46
20388,265,5.7,2.0,130,120,447,2.3,0.3,47.9,1,38,1,48,2,0,30,1,48,8
246251,259,17.5,6.0,77,144,289,8,2.6,16.1,1,203,1,26,2,0,7,0,26,36
266009,238,2.4,0.0,0,47,812,41,19.9,14.8,4,688,6,74,5,0,5,0,92,269
154554,189,8.6,2.0,58,62,327,4.5,1.1,22.9,2,312,39,36,2,0,9,0,29,13
278469,126,8.7,1.0,0,182,425,9.2,3.1,3.3,4,731,12,41,2,0,3,0,27,26
273868,298,19.8,4.0,372,746,681,17,3.9,15.4,9,2923,28,111,3,0,4,0,50,116
75256,673,35.1,19.0,98,484,1653,59.1,4,34.3,48,2647,66,1153,2,0,14,1,123,91
245940,102,5.2,2.0,58,125,174,7.7,2,7.2,1,216,6,44,2,0,1,0,28,18
227989,336,8.3,2.0,71,87,307,46.9,2.3,19.9,32,60,1,19,1,0,9,0,24,8
236571,1058,65.8,31.0,159,2444,576,64,10.7,53.7,15,2131,62,549,4,0,15,1,69,37
256944,308,13.9,7.0,25,104,124,40.9,1.1,5,1,581,0,50,3,0,3,0,44,115
267613,286,16.6,2.0,0,193,337,29.7,6,9.1,3,296,5,38,2,0,6,0,83,52
104852,349,15.8,2.0,0,926,1260,48.2,11.4,7.9,6,164,43,94,4,0,5,1,91,71
260179,521,27.6,11.0,96,645,851,44.2,6.8,24.6,8,19542,30,93,2,0,7,0,58,51
212814,303,23.8,13.0,70,414,323,12.9,2,9.6,6,1764,13,122,3,0,2,0,17,21
246253,361,9.7,2.0,0,1190,555,58.9,8.3,10.9,6,602,41,166,5,1,5,0,59,156
254254,197,11,3.0,318,187,541,12.9,3.4,11.7,7,1681,23,82,2,0,3,0,33,66
274062,418,30.1,16.0,173,611,555,17.5,6.3,22.2,6,931,116,87,5,0,8,0,76,28
95048,310,7.8,2.0,86,129,420,26.5,3.9,32.7,20,2397,13,45,2,0,20,1,39,16
273066,636,47.3,34.0,82,226,1280,30.4,12.3,27.6,14,1280,128,84,4,0,12,1,92,81
258093,242,11.9,6.0,53,1147,557,13.7,3.7,21.3,4,388,18,105,2,0,7,0,88,71
260175,407,22,6.0,22,885,355,44.8,9.1,9.4,2,1312,46,56,2,0,2,1,48,111
263336,245,6.1,2.0,0,134,913,42.2,9,8.5,12,1956,133,79,3,0,4,1,68,107
145534,335,21,6.0,180,663,346,11.9,4.2,20.8,3,810,12,128,5,0,7,0,53,17
151823,474,34.6,10.0,83,667,526,17.5,4.2,24.1,8,331,5,120,3,0,10,0,49,28
149957,264,22.1,18.0,6,1331,684,16.4,5.7,6.1,6,44,18,54,6,0,6,0,70,41
246875,330,23.2,9.0,63,94,439,17.9,4.1,14.7,8,416,13,102,2,0,5,0,60,41
272430,394,3.4,0.0,0,819,877,75.9,14.3,18.1,2,15051,15,262,7,0,7,1,175,299
212421,223,7.7,1.0,0,18,877,35.6,4.8,5.2,3,970,119,59,3,0,3,1,62,47
245939,568,19.8,4.0,142,215,1654,40.4,6.4,56.1,9,542,63,99,9,0,10,1,52,64
274226,618,29.2,6.0,116,1524,1403,48.8,7.3,40.6,5,523,52,87,4,0,18,1,107,65
272555,441,30.7,9.0,72,934,700,19.7,3.2,21,3,560,31,73,4,0,10,0,46,32
222951,226,9.6,5.0,75,60,401,10.9,3.7,25.1,2,635,11,51,4,0,12,0,50,19
272440,321,13.3,9.0,7,741,870,44.2,9.7,9.5,9,7316,33,97,5,0,4,0,89,197
267611,450,21.2,3.0,0,1953,567,55.7,5.3,14.5,8,800,167,54,4,0,8,0,102,159
67767,248,6.7,1.0,0,448,493,40.2,8.3,8.5,3,809,17,74,3,0,2,1,57,116
273305,248,11.9,3.0,68,569,356,7.8,2.2,25.8,3,1291,8,91,3,0,15,1,39,13
274063,505,10.7,6.0,0,587,1428,73.1,33.4,29.5,8,5854,20,177,12,1,8,1,166,528
255727,397,26.7,21.0,0,607,992,34.2,7.9,10.8,2,7685,17,140,8,0,4,0,131,105
34974,293,15.6,8.0,124,115,401,5.3,1.7,33,1,1066,24,57,2,0,21,1,42,18
262233,246,6.8,1.0,59,256,647,20.7,4.4,25.6,9,1501,51,109,5,0,12,1,54,43
254368,403,10.1,3.0,9,1158,985,60.9,20.7,19.5,9,4180,10,136,8,0,6,1,134,291
212721,427,24.3,5.0,95,1370,699,14.7,2.9,38.1,5,748,12,143,3,0,23,1,64,29
46822,313,21.7,10.0,38,268,576,14,3.8,19.1,7,555,15,172,4,0,11,1,66,27
141169,880,82.3,48.0,303,1461,567,12.8,2.6,26.4,5,3092,11,134,2,0,12,0,50,26
174543,480,33.3,19.0,103,442,824,17.2,4,30.6,8,647,11,134,6,0,12,0,79,33
228293,328,23.4,13.0,106,980,462,13.2,2.3,17.9,7,1496,9,68,2,0,9,0,37,19
16641,192,2.6,0.0,0,572,727,32.5,11.3,12.1,7,377,9,44,6,0,4,0,61,227
45736,404,28.9,17.0,143,1592,660,13.3,2.5,24.6,7,2432,11,206,3,0,13,1,57,24
45957,408,27.8,11.0,107,523,625,15.6,2.2,23.4,5,1194,12,135,3,0,9,0,49,24
80686,119,7.4,1.0,0,300,505,13.4,6.1,2.4,6,665,12,35,1,0,2,0,31,44
228957,299,19.9,6.0,29,480,1190,18,5.2,17.1,3,16616,108,366,16,0,5,0,208,349
236564,413,22.8,3.0,0,525,635,46.2,9.9,9.4,5,1253,76,103,3,0,3,1,69,122
231026,362,17.7,6.0,74,687,816,23.4,4.4,25.6,5,1325,29,74,6,0,10,1,47,35
34689,135,4.5,1.0,0,289,217,20.5,4.6,4.1,1,506,7,51,2,0,1,0,28,56
239867,625,48.2,27.0,122,1325,985,19.2,5,33.5,5,1700,18,100,7,0,15,1,105,45
205544,416,32.1,21.0,146,930,617,10.9,2.9,23,3,1596,14,119,9,0,8,0,89,22
60598,462,31.1,15.0,82,1434,1088,41.3,8.4,8.6,9,13460,73,120,3,0,5,1,83,84
16102,832,35.1,8.0,134,1522,1021,78.9,5.1,47.8,5,562,29,73,4,0,27,1,82,42
165190,407,20.1,13.0,0,1176,1090,50.6,10.1,10.1,6,1069,44,107,7,0,4,1,98,94
213238,338,13.5,1.0,56,2715,940,11.6,2.3,41.6,5,1151,10,69,2,0,5,1,59,31
215021,450,25.6,8.0,113,736,1474,18.2,6.1,39,3,15013,54,242,7,0,20,1,170,321
217333,417,11.6,3.0,70,785,1377,50.4,8.4,26.3,11,1999,60,140,8,0,11,1,74,52
262622,252,10,2.0,66,399,530,13.8,2.2,26.2,7,289,15,89,2,0,16,1,44,29
233084,626,29.4,14.0,92,1222,217,49.8,8.7,41.1,4,1015,7,946,1,0,7,0,34,22
270885,287,18.5,5.0,77,824,346,9.4,1.9,22,2,730,7,42,3,0,9,0,60,23
47564,146,8,1.0,2,739,559,15.2,6.2,4,8,596,12,93,1,0,2,0,38,50
217331,264,16.4,5.0,54,51,454,9.2,1.9,19.7,3,430,33,46,1,1,8,0,32,17
217329,546,40.4,14.0,109,2780,716,12.4,2.7,27.8,3,802,10,56,5,0,9,1,54,26
